cust_id,company_name,operating_country,operating_location,company_contact,contact_email,contact_ph,sales_contact,port_contact
275,Simon-Aguilar,Cayman Islands,East Daniel,Jennifer Knight,j.knight@simonaguilar.co.ky,9187786332,Rebecca Thomas,Donna Fletcher
999,Owens-Hughes,Cayman Islands,Port Kristy,Steven Ward,s.ward@owenshughes.co.ky,(781)664-6000x680,Sharon Fletcher,Donald Blackwell
873,"Paul, Ford and Ali",Iceland,Warrenshire,Kayla Rodriguez,k.rodriguez@paulfordandali.co.is,382-290-3778x85044,Joe Marsh,Tammy Walters
552,"Rodriguez, Haas and Manning",Malta,Jamesview,Miguel Russo,m.russo@rodriguezhaasandmanning.co.mt,242-944-4706,Cheyenne Adams,Julie Garcia
59,Wilson and Sons,Principality of Monaco,Smithton,Kevin Schwartz,k.schwartz@wilsonand.co.mc,+1-459-672-3197x3551,Brent Bonilla,Johnny Osborne
836,Mendoza Ltd,Netherlands,Wijlre,Katie Rodriguez,k.rodriguez@mendoza.co.nl,+31(0)20-9704943,Lara Vastenhouw,Boaz Verbruggen
684,Frost-Floyd,United Kingdom,Port Janicefurt,Kaylee Rivas,k.rivas@frostfloyd.co.uk,+44909 8790791,Callum Hargreaves,Duncan Barnett-Roberts
388,Banks-Reynolds,Caribbean Netherlands,Harrisfort,Lauren Williams,l.williams@banksreynolds.co.bq,001-535-398-6717,Kristin Lopez,April Robinson
877,Brown-Campbell,Spain,Castellón,Jeffrey Obrien,j.obrien@browncampbell.co.es,+34928473356,Mohamed Silvestre Bravo Gálvez,Martirio Brígida Azcona Cózar
149,Joseph Inc,Faroe Islands,Hendersonfurt,Craig Watson,c.watson@joseph.co.fo,(233)282-5547x86911,Catherine Brooks,Andrea Johnson
485,Anderson PLC,Dominica,Nealfort,Julia Jenkins,j.jenkins@andersonplc.co.dm,437.454.1526x660,James Solomon,Peter Hughes
87,"Davis, Bell and Baldwin",Estonia,Peeterbury,Rachel Thomas,r.thomas@davisbellandbaldwin.co.ee,512-700-7901,Natalia Novikov,Eve Kurg
902,Foley-Sims,Saint Vincent and the Grenadines,South Heatherhaven,Scott Ortega,s.ortega@foleysims.co.vc,001-616-427-4093,Kimberly Brown,Kendra Walker
914,Young Group,Ukraine,село Куп'янськ,Katherine Hill,k.hill@younggroup.co.ua,027 506 97 10,Єлисей Голик,Руслан Макаренко
957,"Taylor, Jones and Hawkins",Croatia,Vrlika,Ronald Olson,r.olson@taylorjonesandhawkins.co.hr,095 4090 464,Duje Staničić,Mateja Kirinčić
620,Smith-Houston,Colombia,Florencia,Destiny Gardner,d.gardner@smithhouston.co.co,307 472 05 49,Paola Patricia Barrera Moreno,Carlos Christian Acevedo Monsalve
704,"Yoder, Ruiz and Mitchell",Finland,Mikkeli,John Miller,j.miller@yoderruizandmitchell.co.fi,+358 99 2055509,Alina Hyvärinen,Pentti Miettinen
104,"Armstrong, Keller and Rojas",Puerto Rico,East Dillonton,Andrea Lee,a.lee@armstrongkellerandrojas.co.pr,+1-292-582-7006,Alan Hansen,Kristin Joyce
869,"Butler, Morris and Hayes",Bosnia and Herzegovina,North Abigail,Diana Price,d.price@butlermorrisandhayes.co.ba,066 074 142,Rebecca Garcia,Kenneth Hall
413,"Edwards, Rodriguez and Butler",Montenegro,North Sean,Stacey Aguilar,s.aguilar@edwardsrodriguezandbutler.co.me,496-571-2416x695,Jenna Fernandez,Dr. Sherri Hunt
178,"Richards, Horton and Finley",Colombia,Monguí,Jasmine Miller,j.miller@richardshortonandfinley.co.co,3085138717,Jairo Sánchez,Leonardo Rodríguez López
63,"Estes, Peterson and Wilson",Tunisia,Daystad,Martin Brown,m.brown@estespetersonandwilson.co.tn,944-277-3596,Tommy Nelson,Renee Hartman
677,"Gonzalez, Payne and Silva",Dominican Republic,Greenmouth,Jonathan Barker,j.barker@gonzalezpayneandsilva.co.do,976.947.8116x3712,Richard Carter,Hannah Ortiz
308,Hanson-Bass,Bahamas,East Patricia,James Hester,j.hester@hansonbass.co.bs,(693)544-5360x7706,Stacey Hughes,Daniel Kennedy
113,Jones-Norris,Poland,Turek,Jane Flores,j.flores@jonesnorris.co.pl,32 854 75 02,Alex Dub,Aniela Majczyna
575,Walter-Sanchez,Tunisia,North Hunter,Matthew Jackson,m.jackson@waltersanchez.co.tn,001-828-229-8509,Amy Ponce,Heidi Wilkerson
176,Allen LLC,Svalbard,New Sarahland,Autumn Blankenship,a.blankenship@allen.co.sj,+1-451-474-1750x563,Richard Hughes,Scott Mason
71,"Lutz, Monroe and Liu",Morocco,Javierview,Patrick Barker,p.barker@lutzmonroeandliu.co.ma,5985687887,Steven Perry,Stacey Vasquez
558,"Kelley, Curtis and Harvey",Guernsey,West Stacey,Melissa Lawson,m.lawson@kelleycurtisandharvey.co.gg,001-819-854-5239,Gregory Turner,Jonathan Johnson
354,Henry-Dickerson,Latvia,Oskarsfurt,Jorge Wilson,j.wilson@henrydickerson.co.lv,+37197594233,Jēkaubs Cīrulis,Gunta Vanags
583,Cunningham-Smith,Bulgaria,Lake Маринелhaven,Karen Collins,k.collins@cunninghamsmith.co.bg,+359(0)306548524,Г-жа Данелина Тодорова,Г-жа Криси Габровлиева
823,Kaufman-Smith,Turks and Caicos Islands,Gordonport,Michelle Stevens,m.stevens@kaufmansmith.co.tc,603-775-7255,Brenda Hogan,Stephanie Williams
992,Jacobson LLC,Principality of Monaco,Powersview,Jerry Diaz,j.diaz@jacobson.co.mc,844.455.3034x7267,Sara Lynch,Jessica Whitney
246,Lester Ltd,Georgia,წალკა,Kevin Smith,k.smith@lester.co.ge,+995 586 950 555,მიხეილ ირემაძე,ბიძინა რობაქიძე
867,Rios Inc,Croatia,Čazma,Mark Miller,m.miller@rios.co.hr,020 084 761,Ivanka Seršić,Zora Dretvić
27,Allen and Sons,Jamaica,Sharonshire,Danielle Holland,d.holland@allenand.co.jm,345-475-9350,Carla Williamson,Wendy Howard
879,Sullivan Group,Finland,Inkoo,Stephen Mcgee,s.mcgee@sullivangroup.co.fi,017 117 8480,Arja Kivelä-Matikainen,Aarne Erkkilä-Kivinen
347,Larson-Sanchez,Norway,Erikhaven,Kenneth Garner,k.garner@larsonsanchez.co.no,236-638-7802x66184,Tina Henry,Zachary Mckenzie
617,Ware-Pierce,Saint Vincent and the Grenadines,North Keithfurt,Kyle Carlson,k.carlson@warepierce.co.vc,885-958-1233x7090,Michael Gates,Felicia Nguyen
504,Hurst LLC,Tunisia,South Thomaschester,Stephanie Little,s.little@hurst.co.tn,+1-311-273-7194x714,Jennifer Johnson,Eddie Silva
67,Wallace Inc,Barbados,South Jennifer,Michael Nielsen,m.nielsen@wallace.co.bb,(886)872-6839x4877,Olivia Barnes,Cody Harper
184,Walker-Santos,Portugal,Odivelas,Samantha Carter,s.carter@walkersantos.co.pt,933 668 786,Fábio Ferreira,Eva Loureiro
92,Moore Group,Russia,г. Петрозаводск,Steve Mcclure,s.mcclure@mooregroup.co.ru,8 630 431 92 81,Глеб Всеволодович Шилов,Ларионова Вера Вячеславовна
507,Page-Gray,Turks and Caicos Islands,Phelpsview,Mary House,m.house@pagegray.co.tc,483-491-7398,Nathaniel Carr,Raven Morgan
109,Moore PLC,Italy,Verdins,Jeremy Mcdaniel,j.mcdaniel@mooreplc.co.it,05440777413,Sebastiano Adinolfi,Ermenegildo Falier
541,Anderson-Thompson,Bahamas,Ashleyport,Traci Martinez,t.martinez@andersonthompson.co.bs,001-301-374-9270x74667,Brenda Dominguez,Chad Williams
161,"Turner, Brown and Cook",Martinique,Jacobtown,Marvin Walker,m.walker@turnerbrownandcook.co.mq,(892)251-8714x4416,Amber Simmons,Robert Dean
920,"White, Sanders and Ramsey",Ukraine,хутір Мерефа,Eric Mclaughlin,e.mclaughlin@whitesandersandramsey.co.ua,+380 (31) 917-76-00,Аркадій Симоненко,Святослава Авдєєнко
90,"Torres, Thomas and Flores",Haiti,Crosshaven,Mary Dixon,m.dixon@torresthomasandflores.co.ht,+1-910-274-2199x5161,Donald Phillips,Sherry Richards
0,"Carter, Flores and Anderson",Italy,Valle Martella,Lisa Wright,l.wright@carterfloresandanderson.co.it,3777688730,Nadia Tron,Sophia Lettiere-Pisacane
374,Knight-Pace,Jamaica,West Dana,Kimberly Cunningham,k.cunningham@knightpace.co.jm,+1-228-928-5811x6956,Laura Williams,Brian Marsh
58,Poole-Patton,Grenada,South Kendra,Mary Lewis,m.lewis@poolepatton.co.gd,256.526.3573x9733,Donna Cobb,Tyler Nicholson
249,Ross LLC,Netherlands,Hindeloopen,Kenneth Ward,k.ward@ross.co.nl,+31143 237565,Cornelia van der Hoeven,Bastiaan van de Eerenbeemt
490,Sosa Inc,Jersey,North Samantha,Kevin Martinez,k.martinez@sosa.co.je,(919)505-2800x3939,Kelly Costa,Stephanie Reese
793,Green Group,Guernsey,South Megantown,Ryan Price,r.price@greengroup.co.gg,001-203-989-5253x339,Jesse Miller,Sean Yates
586,Harris Group,Dominican Republic,East Kristinchester,Sara Ingram,s.ingram@harrisgroup.co.do,505-576-9267,Austin Jones,Jerry Wood
606,"Hensley, Ayers and Wilson",Bulgaria,Мангъровfort,Michael Barnett,m.barnett@hensleyayersandwilson.co.bg,+359396327204,Астромерия Кокошкова,Г-ца Гоца Васовa
579,Reed-Wilson,British Virgin Islands,North Davidchester,Heidi Smith,h.smith@reedwilson.co.vg,001-217-368-8454,Arthur Garcia,Joshua Cline
196,"Chapman, Ruiz and Kelly",Germany,Kusel,Andrea Morales,a.morales@chapmanruizandkelly.co.de,(07291) 972377,Univ.Prof. Hubertine Hettner B.A.,Dr. Eva-Maria Beer
577,Williams-Smith,Guadeloupe,New Samanthaville,Christopher Turner,c.turner@williamssmith.co.gp,+1-798-316-7452x357,Jason Jenkins,Vincent Dillon
531,"Avila, Boyer and Mosley",Finland,Rusko,Scott Allen,s.allen@avilaboyerandmosley.co.fi,+358 234793561,Tapio Kämäräinen-Laakso,Kristian Lindberg
192,Morris-Santos,Puerto Rico,Lake Lancefurt,Joseph Brown,j.brown@morrissantos.co.pr,807-220-8848x21862,Connor Chung,Christopher Lopez
243,Cruz-Noble,Norway,West Paulburgh,Maria Castillo,m.castillo@cruznoble.co.no,215.919.6120x445,William Harvey,David Silva
949,Colon PLC,Montenegro,North Stevenland,Stephanie Smith,s.smith@colonplc.co.me,440.528.7622,Tracy Murray,Nicholas Mcgee
800,Robinson PLC,Jamaica,Combsborough,Denise Wheeler,d.wheeler@robinsonplc.co.jm,506-283-1683,Jacob Gordon,Cheryl Nash
302,"West, Hernandez and Edwards",Finland,Muhos,Kayla Sandoval,k.sandoval@westhernandezandedwards.co.fi,+358513115579,Tanja Kemppainen-Ryynänen,Kalevi Kolehmainen-Kuosmanen
339,Hardy-Huerta,Italy,Putzu Idu,Amy Lewis,a.lewis@hardyhuerta.co.it,+39 377788853,Isabella Stoppani,Dott. Luigi Barcella
907,"Perez, Anderson and Carr",Albania,Lambshire,Robert Rosales,r.rosales@perezandersonandcarr.co.al,848.367.0309,Latasha Monroe,Carl Lopez
789,Murray-Newton,Dominican Republic,Davidberg,Jordan Snyder,j.snyder@murraynewton.co.do,(358)849-3744,Margaret Patel,Troy Kerr
525,Osborne LLC,Grenada,Davisstad,Joseph Spencer,j.spencer@osborne.co.gd,2842625364,Virginia Andrews,Mrs. Michelle Irwin PhD
386,Cunningham LLC,Turkey,Fıratberg,James Ward,j.ward@cunningham.co.tr,01251456266,Kısmet Nazi Arsoy Bilgin,Günser Bilge
618,Perez and Sons,Italy,Vanzago,Michelle Rubio,m.rubio@perezand.co.it,0364932269,Alessio Perozzo,Santino Pizzetti-Pinamonte
848,Clark-Schmidt,British Virgin Islands,New Sabrina,Frank Snyder,f.snyder@clarkschmidt.co.vg,+1-707-625-4659,Monique Miranda,Ms. Cynthia Holland
833,Robinson-Fuller,Haiti,Jamietown,Joshua Alvarez,j.alvarez@robinsonfuller.co.ht,987.560.9613,Jennifer Perez,Cody Gomez
934,Norris-Castillo,Estonia,New Triinton,Brian Jimenez,b.jimenez@norriscastillo.co.ee,+1-923-713-9549x2948,Marina Safronov,Maria Tõnisson
173,Price Group,Georgia,მარნეული,Kevin Mendoza,k.mendoza@pricegroup.co.ge,0 32 856 32 72,გრიგოლ მიქელაძე,იური ჩადუნელი
834,Bryant Inc,Jamaica,Elijahhaven,Russell Larson,r.larson@bryant.co.jm,(977)942-9575,Jennifer Alvarado,Luis Paul
970,"Thompson, York and Sharp",Lithuania,Ramintaland,Thomas Patton,t.patton@thompsonyorkandsharp.co.lt,+37038155948,Evaldas Jankauskas,"Žukauskas, Vigilija"
106,Santiago Ltd,France,Martel,Joanne Adams,j.adams@santiago.co.fr,+33 (0)6 30 14 96 71,Bernadette-Audrey Roux,Patricia Barre
627,Wheeler PLC,Albania,Priceland,Rebecca Wyatt,r.wyatt@wheelerplc.co.al,001-938-927-4433x36480,Stacy Wheeler,Jason Salazar
369,"Rose, Rowland and Evans",Guernsey,Paulton,Bobby Edwards,b.edwards@roserowlandandevans.co.gg,464.835.9962x11453,Troy Cline,Michelle Martin
947,"Pennington, Wilson and May",Croatia,Donji Miholjac,Rebecca Terrell,r.terrell@penningtonwilsonandmay.co.hr,042 269 728,Mia Gržetić,Antonija Sabol
230,Leonard and Sons,British Virgin Islands,West Christian,Sandra Gill,s.gill@leonardand.co.vg,(282)852-3100x4566,Cindy Garza,Matthew Nelson
16,Torres-Landry,Saint Kitts and Nevis,New Christopherstad,Isaac Diaz,i.diaz@torreslandry.co.kn,001-250-687-4712x6241,James Smith,Kristin Moody
117,"Price, Johnson and Jones",Colombia,San Juan del Cesar,Mitchell Rodriguez,m.rodriguez@pricejohnsonandjones.co.co,57 305 943 96 48,Carmen Martínez,Mary Yesenia Jiménez
238,Beck Ltd,Grenada,Johnsonborough,Diana Deleon,d.deleon@beck.co.gd,802-320-4086,Christopher Wade,Valerie Buck
112,Clark Ltd,Italy,Breccia,Robert Thomas,r.thomas@clark.co.it,3757033967,Graziella Sibilia,Lucio Tuzzolino
255,Deleon-Johnston,Bosnia and Herzegovina,Jessicaport,Michael Lewis,m.lewis@deleonjohnston.co.ba,033 735 858,Jeffery Perez,David Fuller
971,Robles Group,Barbados,North Ryan,Kelly Thompson,k.thompson@roblesgroup.co.bb,(212)730-3553x498,Donna Campbell,Catherine Dyer
635,"Hines, Alvarez and Nguyen",Antigua and Barbuda,Wayneside,Mario Flores,m.flores@hinesalvarezandnguyen.co.ag,(866)872-4554x2058,Sandra Santos,Mark Johnson
450,Crawford Inc,Curacao,Port Matthew,Janice Bennett,j.bennett@crawford.co.cw,932.423.3766,Jason Richardson,Lisa Kaiser
12,"Barr, Simon and Martin",Portugal,Ponte de Sor,Courtney Peterson,c.peterson@barrsimonandmartin.co.pt,(351) 262448335,Ivan da Pereira,Lucas do Amaral
404,Myers LLC,Guadeloupe,New Kennethmouth,Misty Brady,m.brady@myers.co.gp,451.838.0322x33368,Evan Hutchinson,Matthew Estrada
561,Cook Inc,Aruba,Davidstad,Michael Webb,m.webb@cook.co.aw,837-858-2285,Martin Shepard,Matthew Hunt
809,"Hamilton, Howard and Woodard",Spain,Cuenca,Randy Garcia,r.garcia@hamiltonhowardandwoodard.co.es,+34933 896 554,Apolinar Romeu Cisneros,Francisca Llabrés Torrents
271,Brown-Obrien,Jamaica,South Angela,Spencer Zhang,s.zhang@brownobrien.co.jm,(386)762-4004,Ashley Diaz,Heidi Alexander
651,Werner-Carter,Belgium,West Elizabeth,Adam Williamson,a.williamson@wernercarter.co.be,329.341.7689x428,Shelly Clarke,Holly Cruz
758,Anderson-Hanson,Saint Lucia,East Bernardtown,Kenneth Davies,k.davies@andersonhanson.co.lc,4572776182,Mario Walton,Natalie Nelson
874,Harris-Vang,Bermuda,Taramouth,Steven Wolfe,s.wolfe@harrisvang.co.bm,001-765-342-4660x2581,Ashley Black,Marcus Jones
337,Mullen and Sons,Malta,Port Erin,April Smith,a.smith@mullenand.co.mt,+1-773-723-3594x832,Laura Smith,Lori Mclaughlin
713,Barber Group,Tunisia,Bonniechester,Emily Mathis,e.mathis@barbergroup.co.tn,268.756.0454,Benjamin Baird,Valerie Santos
670,"Hale, Kim and Smith",Isle of Man,Jimmybury,Erica Olsen,e.olsen@halekimandsmith.co.im,001-321-919-9613x8683,Samantha Hoffman,Michael Ramsey
735,"Cooper, Garcia and Gentry",Poland,Zgierz,Angelica Powell,a.powell@coopergarciaandgentry.co.pl,+48 22 812 80 76,Przemysław Sibiga,Paweł Burnat
179,Hancock-Taylor,Caribbean Netherlands,North Brian,Barbara Avila,b.avila@hancocktaylor.co.bq,001-338-878-3727x90523,Jessica Gilbert,James Harris
639,Johnston-Preston,Cuba,Leonardbury,Amber Hendrix,a.hendrix@johnstonpreston.co.cu,+1-399-979-8854x41528,Tina Clay,Emily Goodwin
944,"Campbell, Farmer and Ballard",Poland,Ciechanów,Emily Reynolds,e.reynolds@campbellfarmerandballard.co.pl,+48 662 753 050,Malwina Wikło,pani Ewelina Kapuścik
341,Castro-Wilkins,Grenada,Cantuberg,Lauren Lee,l.lee@castrowilkins.co.gd,(490)614-5492,Mark Hamilton,Jennifer Alvarez
168,"Esparza, Jones and Miller",Jamaica,South Philip,Erica Nunez,e.nunez@esparzajonesandmiller.co.jm,452.722.8290x6976,Nicholas Rivera,Todd Collins
896,Valdez-Barnes,Turks and Caicos Islands,Andrewbury,Lauren Moore,l.moore@valdezbarnes.co.tc,(433)218-6496x46111,Bethany James,Patrick Ryan
841,Choi Group,Isle of Man,Beardtown,Melanie Mullen,m.mullen@choigroup.co.im,984-301-1897x384,Mr. Daniel Lara,Audrey Dawson
45,Davis-Lewis,Turks and Caicos Islands,Port Lisa,Chad Powers,c.powers@davislewis.co.tc,001-747-866-3860x9514,Dr. Kristie Pierce MD,Steven Moore
99,Newman PLC,Estonia,West Ljubov,Christopher Mcguire,c.mcguire@newmanplc.co.ee,454-798-8867x5838,Julia Fedorov,Maksim Tsvetkov
31,Hall Group,Jamaica,Loriport,Heather Kim,h.kim@hallgroup.co.jm,213-775-5317x624,Michael Erickson,Nicole Foster
923,"Lucas, Stone and Adams",Aruba,New Leonardhaven,Katherine Harris,k.harris@lucasstoneandadams.co.aw,(322)528-6601,Cindy Joseph,Richard Velez
585,Scott-Allen,Finland,Taipalsaari,Taylor Johnson,t.johnson@scottallen.co.fi,(+358) 597171812,Timo Lilja,Aimo Peltola
967,Bond Group,Jamaica,South Stephanieport,Carolyn Martin,c.martin@bondgroup.co.jm,935-722-9039x37990,James Herrera,Anthony Garza
693,"Hardin, Webb and Shea",Turkey,North Mengüç,Charles Ross,c.ross@hardinwebbandshea.co.tr,+90 (213) 8878340,Canan Sakarya,Esentürk Tevetoğlu
384,Martin-Schaefer,Morocco,West Steven,Alexis Gonzalez,a.gonzalez@martinschaefer.co.ma,+1-512-255-3330,Matthew Johnson,Martha Perez
886,Wilson-Parks,Lithuania,South Danieliushaven,Mercedes Kramer,m.kramer@wilsonparks.co.lt,+370 46350078,Edgaras Naujokas,"Kalvelis, Augustas"
768,"Gillespie, Bolton and Gutierrez",Morocco,New Vincentland,Krista Gonzalez,k.gonzalez@gillespieboltonandgutierrez.co.ma,(893)684-3817x438,Stephanie Mclaughlin,Lacey Clark
645,"Watts, Weeks and Webb",Colombia,San Carlos de Guaroa,Jennifer Mills,j.mills@wattsweeksandwebb.co.co,(+57) 315 405 52 75,Manuel William Cortés Ospina,Claudia Caicedo Velásquez
306,Salazar-Pearson,Curacao,Scottburgh,Chad Guzman,c.guzman@salazarpearson.co.cw,+1-937-757-1024x306,Curtis Mccarthy,Maria Luna
960,"Gray, Mccullough and Hanna",Martinique,South Brian,Valerie Acevedo,v.acevedo@graymcculloughandhanna.co.mq,5075082259,Sheri Hall,Katelyn Perez
563,"Orr, Dixon and Howard",Belgium,Port Nathan,Patrick Roberts,p.roberts@orrdixonandhoward.co.be,001-852-892-2484x3495,Dr. Adam Smith,Kevin Jacobs
52,"Nunez, Hardin and Reid",Saint Lucia,Hallside,Daisy Smith,d.smith@nunezhardinandreid.co.lc,+1-918-594-0748x56492,Erin Cooley,Lindsey Sanchez
41,"Owens, Cochran and Johnson",Guadeloupe,Angelafort,Ralph Zimmerman,r.zimmerman@owenscochranandjohnson.co.gp,5065440141,Lori Hoffman,Ann Rose
380,"Jimenez, Nicholson and Butler",Spain,Vizcaya,Max Avery,m.avery@jimeneznicholsonandbutler.co.es,+34887 02 82 06,Severiano Aitor Casas Gutierrez,Lucía Simó-Alba
284,Hayes Inc,Ukraine,селище Новий Буг,Regina Duarte,r.duarte@hayes.co.ua,+380 (06) 238-52-80,пан Аркадій Шевченко,Демид Жадан
666,"Diaz, Short and Jackson",Slovenia,Kamnik,Jenna Schmidt,j.schmidt@diazshortandjackson.co.si,031 939 320,Stanislav Bezjak,Milena Miklavčič
389,Reynolds-Hunter,Netherlands,Sijbekarspel,Michael Thompson,m.thompson@reynoldshunter.co.nl,+31(0)42 7114627,Romy den Teuling-Mol,Gerrit Hoeks
916,English-Edwards,Isle of Man,Caldwellport,Amanda Campbell,a.campbell@englishedwards.co.im,+1-500-493-2422,Christopher Mercer,Brenda Roberts
570,Shea Group,Denmark,Oksbøl,John Henry,j.henry@sheagroup.co.dk,73027183,Prof. Benedikte Kristiansen,Per Mathiasen
145,Foster and Sons,Caribbean Netherlands,New Diane,Daniel Johnson,d.johnson@fosterand.co.bq,986.429.8399x7961,Jason Rowe,Emily Skinner
267,"Chavez, Smith and Moss",Finland,Mäntsälä,Jessica Harris,j.harris@chavezsmithandmoss.co.fi,092 316 3407,Sinikka Pöllänen,Sebastian Manninen
958,White Ltd,Bosnia and Herzegovina,Lake Michelle,Alicia Porter,a.porter@white.co.ba,037 439 252,William King,Theresa Ellis
663,"Conner, Decker and Clark",Jamaica,Payneburgh,Ashley Gentry,a.gentry@connerdeckerandclark.co.jm,001-719-481-9199x9000,Nicholas Weber,Tamara Williams
549,"Lee, Jackson and Richardson",Saint Lucia,Port Jill,Natasha Hanson,n.hanson@leejacksonandrichardson.co.lc,927-588-3452x16354,Joshua Pineda,Larry Davis
476,Forbes-Clark,Albania,Brentton,Thomas Evans,t.evans@forbesclark.co.al,(844)880-2605x092,Breanna Hamilton,Vanessa Smith
190,"Lawson, Lee and Hill",Malta,New Pamela,Johnny Olson,j.olson@lawsonleeandhill.co.mt,720.416.9381x0234,Lauren Garcia,Robert Small
203,Guerrero and Sons,Principality of Monaco,West Timothy,Scott Harrison,s.harrison@guerreroand.co.mc,001-854-358-8287,John Miller,Laura Henry
963,Lopez-Mercer,British Virgin Islands,West Marvin,David Hall,d.hall@lopezmercer.co.vg,453-307-6570,Mary Morrison,Justin Martin
301,Hernandez Inc,Colombia,Coyaima,Judy Gonzalez,j.gonzalez@hernandez.co.co,(+57) 304 293 10 22,Deiby Pacheco Herrera,Miryam Ortega Ordóñez
233,Gilbert and Sons,Principality of Monaco,Mcleanfort,Jermaine Kim,j.kim@gilbertand.co.mc,(972)227-3370x62051,Kayla Kelley,Mr. Frank Moore
396,Kelly-Ho,Georgia,ბაღდათი,Richard Bell,r.bell@kellyho.co.ge,+995630252397,დავით კაკაბაძე,ჯუმბერ ისაევი
746,Davis-Stevens,Lithuania,Gintarėfort,Robert Jenkins,r.jenkins@davisstevens.co.lt,+370 06284265,Rojus Butkus,"Paulauskas, Darius"
290,"Keith, Sweeney and Kemp",Romania,Campia Turzii,Destiny Bates,d.bates@keithsweeneyandkemp.co.ro,0769 596 956,Ariadna Popa,Flaviu Voinea
182,Thomas Group,Germany,Gunzenhausen,Nicholas Moreno,n.moreno@thomasgroup.co.de,+49(0)2360 68610,Dr. Rosita Etzold MBA.,Ing. Roswita Mans
708,Young-Carrillo,Romania,Greci,Anthony Duke,a.duke@youngcarrillo.co.ro,0253 336 444,Aura Nemeș,Tiberia Voinea
171,Smith LLC,U.S. Virgin Islands,Lake Jesus,Matthew Clark,m.clark@smith.co.vi,+1-228-402-3050x551,Cristina Ortiz,Regina Green
845,Hopkins LLC,Jamaica,Carrollland,Eric Garcia,e.garcia@hopkins.co.jm,(601)895-8606x39015,Barbara Jennings,James Armstrong
1,Johnson Ltd,Barbados,Davidland,Dakota Mcmahon,d.mcmahon@johnson.co.bb,+1-200-337-1801,Rebecca Palmer,Jeremy Thornton
36,Good-Gonzalez,Svalbard,Brandonmouth,Michele Kerr,m.kerr@goodgonzalez.co.sj,+1-455-500-2977x4996,Jesus Harris,Teresa Ramos
180,"Roberts, Christensen and Stephenson",Puerto Rico,Watsonmouth,Jennifer Hammond,j.hammond@robertschristensenandstephenson.co.pr,+1-229-679-8674x4233,Michaela Young,Ryan Brown
631,Shaw Ltd,Belgium,West Lisastad,Alexis Reed,a.reed@shaw.co.be,(279)304-6690x1712,Nathan Moss,Kathleen Gordon
48,Campos PLC,Isle of Man,Reedmouth,Michael Young,m.young@camposplc.co.im,(345)856-6652,Nicole Wood,George Smith
544,Bishop-George,Puerto Rico,West Ryan,Micheal Sanders,m.sanders@bishopgeorge.co.pr,320.572.1110x332,Charles Hughes,Lee Smith
642,Morgan Inc,Sweden,Alingsås,Kathleen Hall,k.hall@morgan.co.se,080-955 60 39,Eva Johansson,Alexandra Sjödin
282,Barnes PLC,Cayman Islands,East Paige,Ryan Hamilton,r.hamilton@barnesplc.co.ky,001-295-372-9331x8236,Edward Drake,Tracy Wilcox
51,"Rivera, Harris and Bradley",Aruba,Andrewview,Justin Hamilton,j.hamilton@riveraharrisandbradley.co.aw,001-538-341-3071x180,Suzanne Kidd,Allison Haynes
862,Hunt LLC,Malta,North Nathanton,Virginia Robinson,v.robinson@hunt.co.mt,660-898-4885x537,Carmen Rodriguez PhD,Julie Murray
797,Bradford-Morrison,Norway,New Johnnystad,Kimberly Garcia,k.garcia@bradfordmorrison.co.no,859.358.2407x65898,Nicholas Lee,Melissa Santiago
851,White LLC,Jamaica,North Lisa,Lisa Kelley,l.kelley@white.co.jm,+1-208-350-0452x0806,Robert Ashley,Christopher Wallace
29,"Moore, Castillo and Fernandez",Bulgaria,South Замфир,Doris Bailey,d.bailey@moorecastilloandfernandez.co.bg,0519156023,Г-н Пеньо Поаков,Илчо Ждраков
568,"Mejia, Ali and Graham",Isle of Man,Allisonhaven,Scott Mcgee,s.mcgee@mejiaaliandgraham.co.im,(756)551-4079,Chris Schmidt,Alyssa Smith
917,Knight Group,Finland,Teuva,Jim Mcdowell,j.mcdowell@knightgroup.co.fi,+358 638940638,Lotta Kuusela,Seppo Malinen
166,"Trevino, Watts and Meyer",U.S. Virgin Islands,Kevinport,Teresa Jackson,t.jackson@trevinowattsandmeyer.co.vi,(870)239-5764,Kevin Roberson,Arthur Nguyen
737,Bennett Inc,Jersey,Lake John,Mario Hall,m.hall@bennett.co.je,5127934318,Daniel Stuart,Erin Harding
721,Lawrence LLC,Latvia,East Laimonismouth,Kristine Palmer,k.palmer@lawrence.co.lv,+37102906558,"Krūmiņš, Karina","Lapsa, Guntars"
76,Rose-Bartlett,Guadeloupe,Collinshaven,Christina Snyder,c.snyder@rosebartlett.co.gp,(373)217-5013x406,Pamela Shaffer,Jason Brown
654,"Ortiz, Ferguson and Hill",Isle of Man,East Kevin,Zoe Williams,z.williams@ortizfergusonandhill.co.im,258.572.5745x5110,Raymond Reed,Sara Carr
548,"Reyes, Singh and Vazquez",France,Denisdan,Brady Moreno,b.moreno@reyessinghandvazquez.co.fr,+33 (0)5 82 48 00 39,Adrienne Pascal,Cécile Monnier
711,Peterson and Sons,Albania,New Robert,Derrick Garcia,d.garcia@petersonand.co.al,439-319-7383,Erica Cruz,Nicole Martin
780,Smith-Phillips,Cuba,Kristinton,Charles Ramos,c.ramos@smithphillips.co.cu,762.486.1475x9367,Stephanie Garcia,Leah Meyer
623,Smith-Evans,Aruba,Tracyside,Amy Roberts,a.roberts@smithevans.co.aw,311-338-9290,Zachary Morgan,William Torres
457,"Dunlap, Randall and Heath",Sweden,Falun,Randy Boyer,r.boyer@dunlaprandallandheath.co.se,08-757 54 66,Karl Johansson,Lennart Nilsson
379,Moss-Wiggins,Belgium,West Mark,Jimmy Walls,j.walls@mosswiggins.co.be,+1-349-817-5539x086,Sandra Chavez,Peter Joyce
32,Reed-Gardner,Tunisia,Robinsonburgh,Sarah Hart,s.hart@reedgardner.co.tn,893-855-2919x52478,Jenna Gibbs,Amy Hernandez
597,Booker-Stevenson,Ukraine,село Дніпрорудне,Susan Wright,s.wright@bookerstevenson.co.ua,+380 97 551-80-91,Лариса Чайка,Олесь Тягнибок
464,Johnson-Young,United States,North Marcus,Zachary Phillips,z.phillips@johnsonyoung.co.com,+1-933-830-4127x945,Lauren Shaffer,Jerry Peterson
395,Estrada-Ewing,Martinique,Lake Marcview,Pamela Shepherd,p.shepherd@estradaewing.co.mq,001-541-338-0635x448,Justin Robbins,Christopher Day
175,"Miller, Richardson and Stephens",Estonia,New Indrekfurt,Danielle Jackson,d.jackson@millerrichardsonandstephens.co.ee,341-851-2321x927,Viktoria Bondarenko,Priit Parts
350,"Miller, Wright and Farmer",Morocco,Port Jayport,Judy Woodard,j.woodard@millerwrightandfarmer.co.ma,7444396486,Joshua James,Ryan Hayes
839,Forbes LLC,Bahamas,Davidfurt,Troy Strickland,t.strickland@forbes.co.bs,(595)924-6432x758,Ashley Woods,Henry Miller
119,Roberts-Morgan,Bulgaria,Гьоковtown,Gregory Rodriguez,g.rodriguez@robertsmorgan.co.bg,0052 888 603,Стеяна Крушовска,Др. Ширко Дзезов
831,Obrien-Sanford,United States,West Jason,Stephen Martin,s.martin@obriensanford.co.com,2053347386,Virginia Welch,Thomas Maldonado
683,Diaz LLC,Georgia,ზუგდიდი,Christina Mclaughlin,c.mclaughlin@diaz.co.ge,+995447068398,გენადი ენუქიძე,მაყვალა კაპანაძე
232,Dillon-Davis,Albania,Wilkinsport,Adam Roth,a.roth@dillondavis.co.al,(428)462-4262x4759,Karen Bridges,Kristin Anderson
55,Paul Inc,Svalbard,Pattersonton,Julia Simon,j.simon@paul.co.sj,818.588.0662,James Smith,Angela Jones
615,"Gould, Solomon and Stone",Dominica,New Michael,Kevin Villarreal,k.villarreal@gouldsolomonandstone.co.dm,804-208-1263,Elizabeth Meyer,Anna Roy
788,Castillo-Robinson,Poland,Bolesławiec,Roger Moore,r.moore@castillorobinson.co.pl,722 843 229,Marek Małocha,pani Janina Reszke
936,Martin-Kelly,Georgia,ნინოწმინდა,Hector Lane,h.lane@martinkelly.co.ge,0 348 512 424,გივი ჩხაიძე,მაია ჯაფარიძე
251,Lang Group,Germany,Plauen,Lisa Williamson,l.williamson@langgroup.co.de,+49(0)6151 42027,Alois Kabus,Norma Haase-Grein Groth
796,"Rodriguez, Fisher and Hernandez",Antigua and Barbuda,Aaronfort,Anthony Cummings,a.cummings@rodriguezfisherandhernandez.co.ag,419-203-9798x549,Grant Ramirez,Jack Adams
405,Brooks-Strickland,Martinique,Lake Paulamouth,James Lang,j.lang@brooksstrickland.co.mq,465-537-5425x4209,Randall Castillo,Angela Holt
592,"Strickland, Walters and Castillo",Ukraine,село Моспине,Jeffery Gay,j.gay@stricklandwaltersandcastillo.co.ua,+380 95 007-39-56,Кирило Симоненко,Стефан Овчаренко
929,Mendez Inc,Dominican Republic,Chambersmouth,Jeffrey Ryan,j.ryan@mendez.co.do,+1-659-932-5039x71245,Karen Bennett,David Carroll
431,"Cox, Smith and Nelson",Saint Vincent and the Grenadines,North Olivia,Brittany Wright,b.wright@coxsmithandnelson.co.vc,001-581-688-4874x71197,Michael Jimenez,Susan Woods
678,Nelson-Griffin,Iceland,Davismouth,John Cole,j.cole@nelsongriffin.co.is,700.226.3274,Ashley Lambert MD,William Smith
309,"Brandt, Sandoval and Gomez",Dominica,Port Carrie,Jamie Smith,j.smith@brandtsandovalandgomez.co.dm,(955)839-7236x2346,Sean Torres,Billy Mercer
418,Ray PLC,Portugal,Serpa,Meghan Wong,m.wong@rayplc.co.pt,(351) 930876662,Nicole-Gabriela Campos,Alexandre Coelho
640,"Drake, Wiley and Arroyo",Denmark,Sommersted,Sherry Cummings,s.cummings@drakewileyandarroyo.co.dk,+45 9695 4844,Rikke Henriksen-Madsen,Tage Poulsen
265,"Young, Crawford and Smith",Croatia,Zlatar,Alicia Peterson,a.peterson@youngcrawfordandsmith.co.hr,034 375 520,Mia Cvitan,Nada Govorčinović
311,Blackburn LLC,United States,Lake Dylanport,Jane Molina,j.molina@blackburn.co.com,(203)815-6197,Brandy Edwards,Timothy Armstrong
835,"Flores, House and Delgado",Finland,Kankaanpää,Brenda Rodriguez,b.rodriguez@floreshouseanddelgado.co.fi,0321843634,Viljami Hämäläinen,Katariina Tuominen
612,Whitney PLC,Italy,Santo Iona,Beverly Myers,b.myers@whitneyplc.co.it,348663303,Raffaella Tomasetti,Sig.ra Michela Ruffini
982,Yoder Ltd,Faroe Islands,South Tylerborough,Kayla Fuller,k.fuller@yoder.co.fo,001-576-688-9990x7379,Fernando Wilson,Matthew Bailey
211,Johnson Group,Martinique,Lloydchester,Charles Black,c.black@johnsongroup.co.mq,001-321-583-9074x4545,Austin Jennings,Stephanie Murphy
30,"Weaver, Hoffman and Sanchez",Lithuania,Port Redaport,Craig Hoover,c.hoover@weaverhoffmanandsanchez.co.lt,+370 89291059,Rugilė Paulauskas,Justina Žukauskas
707,Bell-Cantrell,Guernsey,Lake Ashleytown,Douglas Cooper,d.cooper@bellcantrell.co.gg,+1-944-419-3154x890,Emily Stephens,Thomas Lawrence
807,"Moon, White and Bauer",Grenada,Nathanfort,Steven Sutton,s.sutton@moonwhiteandbauer.co.gd,(314)427-1192x5447,Latoya Cochran,Kenneth Gonzalez
160,Butler Ltd,Germany,Eutin,Julie Jackson,j.jackson@butler.co.de,05045 10571,Krzysztof Holsten,Reimer Henschel-Graf
447,"Harrington, Valencia and Novak",U.S. Virgin Islands,South Rhondaport,Sabrina Green,s.green@harringtonvalenciaandnovak.co.vi,562-324-5004x8088,Miguel Grant,John Sherman
360,Ortega-Aguirre,United States,South Ashleychester,Andrea Hale,a.hale@ortegaaguirre.co.com,(310)783-7904,Jennifer Leach,Alyssa Lopez
932,Perry-Smith,Netherlands,'t Harde,Miranda Marshall,m.marshall@perrysmith.co.nl,+3171 4093696,Loes van Evelingen,Janne Mol
493,Harris-Mejia,Bahamas,Lake Daniel,Joshua Stout,j.stout@harrismejia.co.bs,(507)503-6864x4762,Jeffrey Blanchard,Robert Kennedy
470,"Chambers, Simpson and Chase",Jamaica,East Felicia,John Montgomery,j.montgomery@chamberssimpsonandchase.co.jm,001-896-912-2058,Paul Walsh,Deborah Bennett
601,Joseph Group,Sweden,Varberg,Jessica King,j.king@josephgroup.co.se,+46 (0)11 92 52 54,Karin Håkansson,Eva Mårtensson
448,"Parker, Mitchell and Edwards",Belgium,East Amy,Ethan Sanchez,e.sanchez@parkermitchellandedwards.co.be,+1-363-356-8662x68525,Amy Hale,Edward Erickson
668,"Keller, Potter and Barnes",Morocco,Port Christopher,Robert Ward,r.ward@kellerpotterandbarnes.co.ma,001-414-245-8764,Matthew Howard,Abigail Vega
213,"Thompson, Torres and Gilbert",Bahamas,Obrienborough,Tara Smith,t.smith@thompsontorresandgilbert.co.bs,961-684-8762x18717,Bryan Martin,George Henderson
56,Peterson PLC,Turks and Caicos Islands,North Diana,Robert Phillips,r.phillips@petersonplc.co.tc,513.469.1243,Joseph Vang,Andrea Hansen
172,Blankenship Ltd,Albania,Danafurt,Joseph Noble,j.noble@blankenship.co.al,(320)574-1829x388,Ryan Ayers,Parker White
681,"Keller, Tucker and Weiss",Latvia,New Sandra,Amy Diaz,a.diaz@kellertuckerandweiss.co.lv,+37164661295,Katarīna Āboliņš,Evita Priedīte
456,Taylor Group,Slovenia,Zagorje ob Savi,Theresa Ryan,t.ryan@taylorgroup.co.si,06 0703 982,Franci Mlinar,Peter kuhar
778,"Dixon, Martinez and Bush",Germany,Niesky,Yolanda Castaneda,y.castaneda@dixonmartinezandbush.co.de,(07631) 98635,Bernfried Otto,Hans-Theo Pechel
747,Hill-Bowman,Albania,North Sabrinaville,Courtney Barr,c.barr@hillbowman.co.al,+1-717-743-6960x538,Denise Holland,Logan Gonzalez
129,Watson Inc,Caribbean Netherlands,Port Annamouth,Melinda Baker,m.baker@watson.co.bq,972.463.5091x20492,Brandon Robinson,Susan Anderson
933,Wilson PLC,Svalbard,Spencefort,Mikayla Pace,m.pace@wilsonplc.co.sj,928-693-0078,Ryan Ryan,Jasmine Williams
370,"Bird, Powell and Santana",Ireland,Cailum Ville,Angie Fuller,a.fuller@birdpowellandsantana.co.ie,776.328.7151,Meabh Keenahan,Morgan Neelan
191,Brooks-West,United States,Hartmanfort,Annette Chandler,a.chandler@brookswest.co.com,(968)213-5570x58701,Adam Smith,Stephanie Harper
459,Stone LLC,Denmark,Hedensted,Michelle Pham,m.pham@stone.co.dk,+45 42584128,Prof. Morten Lind,Ronny Holst
200,Munoz Group,Dominica,South Christopherborough,Elizabeth Hutchinson,e.hutchinson@munozgroup.co.dm,+1-724-663-1192x76737,Kenneth Lewis,Janice Parsons
19,Nielsen PLC,Estonia,East Riina,Frederick Hoover,f.hoover@nielsenplc.co.ee,251-868-0895x36017,Andres Pikk,Valentina Lukin
712,Calderon Inc,Slovenia,Brežice,Elizabeth Robinson,e.robinson@calderon.co.si,070 363 377,Bernarda Božič,Silvo Ilić
919,"Patel, Cox and Schmitt",France,Andre,Heather Young,h.young@patelcoxandschmitt.co.fr,05 86 59 76 65,Clémence Dumas Le Godard,Olivier Merle
779,"Schwartz, Williams and Mack",Saint Kitts and Nevis,Hinesborough,Theodore Castro,t.castro@schwartzwilliamsandmack.co.kn,523.577.9635x75930,Morgan Cervantes,Walter Norris
393,Pennington-Robinson,Portugal,Moura,Diamond Andersen,d.andersen@penningtonrobinson.co.pt,+351913985004,Joana Mota-Fernandes,Larissa Cardoso
616,Schmidt Ltd,Puerto Rico,Gonzalezport,Ricky Taylor,r.taylor@schmidt.co.pr,618-750-4067x335,David Garcia,Kevin Conley
602,Wells-Smith,Norway,East Scott,Michele Curry,m.curry@wellssmith.co.no,9016022564,Jessica Taylor,Raven Schneider
787,Todd-Davies,Norway,West Ricky,Jessica Roth,j.roth@todddavies.co.no,(758)238-7133x25168,Tara Nguyen,Taylor Walker
274,Stewart Inc,France,Robin-sur-Martinez,Denise Woods,d.woods@stewart.co.fr,0687118813,Margaux Garcia,Joséphine Leroy
415,Lopez Group,Ukraine,село Рудки,Jeffery Bennett,j.bennett@lopezgroup.co.ua,+380 32 131-64-71,Володимир Ющенко,Демид Швачка
644,"Bowman, Warner and Garcia",Iceland,New Joe,Sara Thornton,s.thornton@bowmanwarnerandgarcia.co.is,426.279.3093,Cody Garcia,Victor Daniels
871,"Shea, Mason and Bailey",Cayman Islands,New Nicholasview,Michelle Huynh,m.huynh@sheamasonandbailey.co.ky,791.960.5625,Beth Willis,Jennifer Rocha
740,"Morgan, Stanley and Simpson",Caribbean Netherlands,Danielstad,Amanda Fox,a.fox@morganstanleyandsimpson.co.bq,638-575-1300x037,Kelsey Gamble,Jason Williams
478,Mckinney Ltd,Antigua and Barbuda,Shannonport,Joshua Jones,j.jones@mckinney.co.ag,789.268.4221,Laurie Smith,Julie Griffin
8,Johnson and Sons,Isle of Man,Maryfurt,William Sims,w.sims@johnsonand.co.im,(844)765-0570x8532,Robert Gonzales,Rodney Brown
785,"Cunningham, Brooks and Rodgers",Dominica,Helenport,Hannah Brady,h.brady@cunninghambrooksandrodgers.co.dm,001-534-760-3389x216,Amanda Vasquez,Kevin Cannon
757,Rodriguez Ltd,Grenada,Smithfort,Angela Foster,a.foster@rodriguez.co.gd,4875033012,Rachel Jackson,Michael Blanchard
821,Smith and Sons,Spain,Álava,Michael Rocha,m.rocha@smithand.co.es,+34 843 656 559,Regina Ferrer Guardiola,Victor Manuel Chico-Arranz
